{"cameraMode":{"drawMode":0,"name":"Shaded","section":"Shading Mode"},"sceneLighting":false,"audioPlay":false,"sceneViewState":{"showFog":true,"showMaterialUpdate":false,"showSkybox":false,"showFlares":true,"showImageEffects":true,"showParticleSystems":true},"in2DMode":false,"pivot":{"x":137.84762573242188,"y":238.94776916503907,"z":0.6542816162109375},"rotation":{"x":-0.029382074251770974,"y":-0.028483586385846139,"z":-0.0008432659669779241,"w":0.9991695284843445},"size":85.63606262207031,"orthographic":false}