{"cameraMode":{"drawMode":0,"name":"Shaded","section":"Shading Mode"},"sceneLighting":false,"audioPlay":false,"sceneViewState":{"showFog":true,"showMaterialUpdate":false,"showSkybox":true,"showFlares":true,"showImageEffects":true,"showParticleSystems":true},"in2DMode":false,"pivot":{"x":-5.5849504470825199,"y":-3.3470282554626467,"z":-1.2062320709228516},"rotation":{"x":0.3146006464958191,"y":-0.019933726638555528,"z":0.006603304296731949,"w":0.9490148425102234},"size":7.889312267303467,"orthographic":false}